Sales Person,Country,Product,Date,Amount,Boxes Shipped
Jehu Rudeforth,UK,Mint Chip Choco,4-Jan-22,7,1
Van Tuxwell,India,85% Dark Bars,1-Aug-22,7,2
Gigi Bohling,India,Peanut Butter Cubes,7-Jul-22,28,2
Jan Morforth,Australia,Peanut Butter Cubes,27-Apr-22,49,2
Jehu Rudeforth,UK,Peanut Butter Cubes,24-Feb-22,49,3
Van Tuxwell,India,Smooth Sliky Salty,6-Jun-22,63,3
Oby Sorrel,UK,99% Dark & Pure,25-Jan-22,63,3
Gunar Cockshoot,Australia,After Nines,24-Mar-22,63,4
Jehu Rudeforth,New Zealand,50% Dark Bites,20-Apr-22,70,4
Brien Boise,Australia,99% Dark & Pure,4-Jul-22,70,4
Rafaelita Blaksland,UK,Smooth Sliky Salty,13-Jan-22,77,4
Barr Faughny,USA,Orange Choco,10-Mar-22,84,5
Mallorie Waber,Canada,Eclairs,13-Jan-22,91,5
Karlen McCaffrey,New Zealand,Drinking Coco,28-Jul-22,105,5
Marney O'Breen,New Zealand,Peanut Butter Cubes,3-Aug-22,112,6
Beverie Moffet,Australia,Organic Choco Syrup,26-Jan-22,112,6
Van Tuxwell,Canada,Organic Choco Syrup,14-Feb-22,126,6
Roddy Speechley,USA,Smooth Sliky Salty,5-Apr-22,147,6
Beverie Moffet,Canada,Milk Bars,16-Feb-22,161,7
Curtice Advani,UK,85% Dark Bars,8-Jun-22,161,7
Brien Boise,Australia,Eclairs,27-Jun-22,168,7
Gunar Cockshoot,USA,Spicy Special Slims,17-Feb-22,168,7
Marney O'Breen,USA,After Nines,30-May-22,203,7
Husein Augar,UK,Drinking Coco,14-Mar-22,210,7
Kaine Padly,Australia,Eclairs,28-Feb-22,238,8
Karlen McCaffrey,India,Fruit & Nut Bars,26-Jan-22,252,8
Roddy Speechley,Canada,Spicy Special Slims,9-Feb-22,252,9
Husein Augar,USA,Eclairs,7-Jul-22,273,9
Dennison Crosswaite,New Zealand,White Choc,5-Jul-22,273,9
Dennison Crosswaite,New Zealand,Manuka Honey Choco,15-Jun-22,273,9
Van Tuxwell,New Zealand,85% Dark Bars,24-May-22,280,10
Rafaelita Blaksland,UK,99% Dark & Pure,29-Jun-22,280,10
Wilone O'Kielt,Australia,Manuka Honey Choco,11-May-22,301,10
Karlen McCaffrey,UK,Almond Choco,30-Jun-22,301,11
Andria Kimpton,Canada,After Nines,11-May-22,301,11
Roddy Speechley,USA,Manuka Honey Choco,22-Jul-22,308,11
Andria Kimpton,UK,50% Dark Bites,24-Aug-22,329,11
Kelci Walkden,New Zealand,After Nines,7-Jul-22,364,11
Camilla Castle,Australia,85% Dark Bars,19-May-22,371,11
Karlen McCaffrey,India,Manuka Honey Choco,4-Jul-22,378,12
Kelci Walkden,USA,After Nines,2-Jun-22,385,12
Karlen McCaffrey,USA,Raspberry Choco,15-Apr-22,392,12
Mallorie Waber,Canada,Choco Coated Almonds,11-Jul-22,392,12
Andria Kimpton,India,Spicy Special Slims,23-Feb-22,420,12
Madelene Upcott,Canada,Almond Choco,22-Aug-22,441,12
Kaine Padly,USA,Peanut Butter Cubes,16-Feb-22,448,12
Van Tuxwell,USA,50% Dark Bites,13-Jan-22,455,13
Curtice Advani,Australia,Milk Bars,14-Feb-22,455,13
Roddy Speechley,India,Eclairs,10-Jun-22,455,14
Curtice Advani,India,Fruit & Nut Bars,7-Jul-22,469,14
Curtice Advani,Canada,Almond Choco,24-Mar-22,476,14
Brien Boise,Australia,Fruit & Nut Bars,6-Jun-22,476,14
Dotty Strutley,Australia,Drinking Coco,19-Jul-22,483,15
Beverie Moffet,USA,Raspberry Choco,19-Apr-22,483,15
Marney O'Breen,India,85% Dark Bars,19-Jul-22,483,15
Jehu Rudeforth,Canada,Drinking Coco,15-Jul-22,490,16
Ches Bonnell,New Zealand,Spicy Special Slims,14-Feb-22,497,16
Brien Boise,Canada,99% Dark & Pure,18-May-22,504,16
Barr Faughny,Australia,Fruit & Nut Bars,30-Jun-22,504,18
Andria Kimpton,Australia,50% Dark Bites,2-Jun-22,546,18
Andria Kimpton,Australia,Drinking Coco,28-Jun-22,574,18
Marney O'Breen,Australia,Organic Choco Syrup,16-May-22,574,18
Kelci Walkden,Canada,Baker's Choco Chips,26-May-22,581,18
Karlen McCaffrey,India,Almond Choco,6-Jul-22,588,18
Oby Sorrel,India,99% Dark & Pure,27-May-22,602,18
Wilone O'Kielt,Australia,Caramel Stuffed Bars,14-Apr-22,609,19
Van Tuxwell,Australia,Organic Choco Syrup,10-Aug-22,623,20
Camilla Castle,India,50% Dark Bites,4-Jul-22,630,20
Oby Sorrel,India,Organic Choco Syrup,8-Jul-22,630,21
Jan Morforth,USA,Peanut Butter Cubes,22-Jul-22,637,21
Gigi Bohling,USA,Choco Coated Almonds,2-Mar-22,637,21
Gigi Bohling,UK,Almond Choco,10-Jan-22,644,21
Jehu Rudeforth,New Zealand,White Choc,11-Mar-22,651,21
Andria Kimpton,New Zealand,Peanut Butter Cubes,20-Jun-22,658,21
Van Tuxwell,UK,Organic Choco Syrup,26-Aug-22,658,22
Roddy Speechley,Canada,Milk Bars,13-Jul-22,672,22
Camilla Castle,USA,Spicy Special Slims,11-Feb-22,679,22
Marney O'Breen,USA,Orange Choco,27-Jan-22,679,22
Van Tuxwell,UK,99% Dark & Pure,31-Jan-22,693,22
Camilla Castle,USA,White Choc,18-Aug-22,700,22
Andria Kimpton,USA,Raspberry Choco,30-Jun-22,700,22
Dotty Strutley,Australia,Fruit & Nut Bars,23-Aug-22,721,22
Brien Boise,New Zealand,Mint Chip Choco,1-Aug-22,721,23
Roddy Speechley,New Zealand,After Nines,25-May-22,721,23
Roddy Speechley,Canada,Organic Choco Syrup,10-Jan-22,735,23
Dennison Crosswaite,Australia,70% Dark Bites,7-Feb-22,749,23
Karlen McCaffrey,USA,Orange Choco,12-May-22,777,24
Madelene Upcott,Australia,Spicy Special Slims,7-Mar-22,784,24
Dennison Crosswaite,Australia,85% Dark Bars,5-Apr-22,784,24
Andria Kimpton,Canada,Caramel Stuffed Bars,3-Jan-22,791,24
Dennison Crosswaite,UK,Eclairs,24-Mar-22,819,24
Madelene Upcott,India,Raspberry Choco,7-Jul-22,826,24
Van Tuxwell,USA,After Nines,26-Jul-22,840,24
Wilone O'Kielt,Australia,Organic Choco Syrup,7-Jul-22,854,24
Karlen McCaffrey,Canada,50% Dark Bites,15-Jul-22,854,24
Roddy Speechley,New Zealand,Orange Choco,1-Apr-22,854,24
Beverie Moffet,Australia,Eclairs,20-Jun-22,868,25
Kelci Walkden,UK,Fruit & Nut Bars,29-Jun-22,889,26
Marney O'Breen,USA,50% Dark Bites,15-Jun-22,910,26
Husein Augar,USA,After Nines,8-Apr-22,910,26
Dennison Crosswaite,Australia,Raspberry Choco,14-Mar-22,938,26
Andria Kimpton,USA,Fruit & Nut Bars,15-Jul-22,938,27
Kelci Walkden,India,Eclairs,19-Apr-22,945,27
Marney O'Breen,USA,99% Dark & Pure,28-Mar-22,952,27
Brien Boise,Canada,Spicy Special Slims,4-Mar-22,952,27
Karlen McCaffrey,New Zealand,70% Dark Bites,2-Aug-22,959,27
Husein Augar,UK,Spicy Special Slims,25-Aug-22,966,27
Marney O'Breen,USA,Almond Choco,25-Feb-22,973,27
Kelci Walkden,India,Orange Choco,7-Jun-22,980,27
Jan Morforth,India,Spicy Special Slims,12-Apr-22,987,28
Ches Bonnell,India,Spicy Special Slims,6-Jul-22,994,28
Kelci Walkden,UK,Smooth Sliky Salty,19-Jan-22,994,29
Madelene Upcott,Australia,Fruit & Nut Bars,5-Jan-22,994,29
Madelene Upcott,Canada,70% Dark Bites,24-Jan-22,1015,30
Wilone O'Kielt,Australia,Drinking Coco,6-Apr-22,1029,30
Gunar Cockshoot,Australia,Fruit & Nut Bars,15-Jun-22,1036,30
Gigi Bohling,Canada,Baker's Choco Chips,28-Jan-22,1043,30
Kelci Walkden,India,Caramel Stuffed Bars,16-Mar-22,1043,30
Rafaelita Blaksland,Australia,Drinking Coco,21-Feb-22,1064,31
Kelci Walkden,USA,Manuka Honey Choco,16-Feb-22,1064,31
Jehu Rudeforth,Canada,Spicy Special Slims,13-Jan-22,1085,31
Kelci Walkden,Australia,Eclairs,23-Mar-22,1099,31
Curtice Advani,Canada,Spicy Special Slims,16-Jun-22,1127,31
Oby Sorrel,India,Raspberry Choco,14-Apr-22,1127,32
Kelci Walkden,UK,Eclairs,25-Jan-22,1141,32
Jan Morforth,India,Almond Choco,11-Mar-22,1141,32
Dotty Strutley,UK,Almond Choco,28-Jul-22,1155,33
Marney O'Breen,New Zealand,After Nines,9-Mar-22,1155,33
Husein Augar,Australia,Orange Choco,28-Jun-22,1162,33
Marney O'Breen,Australia,Milk Bars,28-Jul-22,1162,34
Kelci Walkden,Canada,99% Dark & Pure,15-Aug-22,1190,35
Kaine Padly,Australia,Manuka Honey Choco,12-Jan-22,1197,37
Beverie Moffet,New Zealand,White Choc,24-Mar-22,1218,37
Van Tuxwell,UK,Milk Bars,25-Jul-22,1218,38
Oby Sorrel,Canada,99% Dark & Pure,1-Aug-22,1225,38
Van Tuxwell,India,Organic Choco Syrup,16-May-22,1232,38
Roddy Speechley,India,Smooth Sliky Salty,10-Aug-22,1232,38
Jan Morforth,India,Eclairs,5-Jan-22,1260,39
Ches Bonnell,UK,Smooth Sliky Salty,11-Jul-22,1267,40
Wilone O'Kielt,USA,After Nines,25-Apr-22,1267,40
Gigi Bohling,New Zealand,Fruit & Nut Bars,4-Apr-22,1267,40
Barr Faughny,USA,Raspberry Choco,12-Apr-22,1274,40
Wilone O'Kielt,New Zealand,85% Dark Bars,2-Aug-22,1288,41
Gigi Bohling,New Zealand,Manuka Honey Choco,28-Jun-22,1288,41
Ches Bonnell,Australia,Eclairs,5-Jul-22,1288,41
Rafaelita Blaksland,New Zealand,Choco Coated Almonds,7-Jun-22,1302,42
Brien Boise,New Zealand,Smooth Sliky Salty,18-Jan-22,1309,42
Brien Boise,Australia,Baker's Choco Chips,4-Jan-22,1309,42
Dennison Crosswaite,Australia,99% Dark & Pure,31-Jan-22,1316,42
Kelci Walkden,India,Almond Choco,14-Mar-22,1351,42
Camilla Castle,Australia,70% Dark Bites,29-Apr-22,1358,42
Oby Sorrel,India,Smooth Sliky Salty,7-Feb-22,1365,42
Kaine Padly,UK,Organic Choco Syrup,31-Mar-22,1372,42
Marney O'Breen,India,Caramel Stuffed Bars,16-Mar-22,1372,43
Karlen McCaffrey,UK,Eclairs,25-Jan-22,1372,43
Van Tuxwell,India,Baker's Choco Chips,20-Jun-22,1379,44
Gigi Bohling,UK,After Nines,29-Mar-22,1379,44
Curtice Advani,Australia,Orange Choco,12-Jul-22,1379,44
Jehu Rudeforth,Canada,Smooth Sliky Salty,11-Jul-22,1393,44
Karlen McCaffrey,Canada,Smooth Sliky Salty,19-Jan-22,1400,44
Andria Kimpton,USA,85% Dark Bars,5-Apr-22,1414,44
Jehu Rudeforth,Canada,Milk Bars,21-Feb-22,1421,45
Rafaelita Blaksland,New Zealand,Caramel Stuffed Bars,20-May-22,1428,45
Mallorie Waber,Australia,Milk Bars,29-Jul-22,1435,45
Barr Faughny,USA,Fruit & Nut Bars,28-Jan-22,1435,45
Marney O'Breen,UK,Caramel Stuffed Bars,19-Jul-22,1442,45
Mallorie Waber,New Zealand,Manuka Honey Choco,13-Apr-22,1456,45
Roddy Speechley,India,Peanut Butter Cubes,11-Feb-22,1456,46
Roddy Speechley,New Zealand,Milk Bars,2-Mar-22,1463,46
Ches Bonnell,Australia,White Choc,2-Mar-22,1470,46
Van Tuxwell,USA,99% Dark & Pure,28-Jul-22,1505,46
Kelci Walkden,India,After Nines,7-Jan-22,1512,46
Brien Boise,UK,White Choc,12-Apr-22,1526,46
Van Tuxwell,Canada,Almond Choco,27-Jun-22,1533,46
Jehu Rudeforth,Australia,50% Dark Bites,14-Jan-22,1540,46
Karlen McCaffrey,UK,Baker's Choco Chips,7-Feb-22,1540,46
Jehu Rudeforth,Australia,Orange Choco,23-Mar-22,1547,47
Marney O'Breen,India,Peanut Butter Cubes,10-Jan-22,1554,47
Oby Sorrel,UK,Choco Coated Almonds,17-Mar-22,1561,47
Gigi Bohling,USA,Spicy Special Slims,21-Jan-22,1575,47
Barr Faughny,Australia,White Choc,4-Jul-22,1582,47
Kaine Padly,Canada,Peanut Butter Cubes,4-Jul-22,1582,47
Dotty Strutley,USA,Manuka Honey Choco,10-Aug-22,1589,48
Dennison Crosswaite,Australia,50% Dark Bites,1-Apr-22,1603,48
Gigi Bohling,India,Raspberry Choco,22-Feb-22,1603,48
Camilla Castle,UK,White Choc,3-Jan-22,1617,49
Karlen McCaffrey,India,Drinking Coco,31-May-22,1638,49
Dotty Strutley,UK,99% Dark & Pure,3-Jan-22,1645,50
Husein Augar,New Zealand,Caramel Stuffed Bars,27-Jan-22,1652,50
Barr Faughny,UK,50% Dark Bites,28-Jan-22,1652,50
Curtice Advani,Australia,Organic Choco Syrup,28-Jun-22,1666,51
Husein Augar,UK,Choco Coated Almonds,2-Mar-22,1687,51
Wilone O'Kielt,Australia,After Nines,27-May-22,1687,51
Dennison Crosswaite,USA,Almond Choco,30-Jun-22,1687,51
Barr Faughny,Canada,Peanut Butter Cubes,7-Jun-22,1694,51
Kaine Padly,USA,70% Dark Bites,12-May-22,1694,51
Barr Faughny,New Zealand,Raspberry Choco,29-Jul-22,1715,52
Dennison Crosswaite,UK,White Choc,3-Aug-22,1722,52
Barr Faughny,India,Baker's Choco Chips,18-Aug-22,1729,52
Van Tuxwell,New Zealand,Smooth Sliky Salty,14-Jun-22,1736,52
Beverie Moffet,UK,White Choc,30-Jun-22,1736,53
Camilla Castle,New Zealand,Mint Chip Choco,13-Jun-22,1736,53
Ches Bonnell,UK,Orange Choco,27-Apr-22,1743,53
Jan Morforth,Australia,White Choc,27-Jul-22,1743,54
Mallorie Waber,Canada,85% Dark Bars,20-Apr-22,1750,54
Rafaelita Blaksland,India,Spicy Special Slims,4-Jan-22,1750,54
Ches Bonnell,Australia,Mint Chip Choco,21-Feb-22,1750,54
Karlen McCaffrey,Australia,White Choc,5-Jan-22,1792,54
Beverie Moffet,India,Drinking Coco,15-Jul-22,1799,55
Brien Boise,Australia,Choco Coated Almonds,25-May-22,1813,55
Karlen McCaffrey,Canada,Eclairs,20-Apr-22,1827,55
Gigi Bohling,USA,99% Dark & Pure,2-Jun-22,1827,55
Marney O'Breen,UK,Smooth Sliky Salty,13-May-22,1848,55
Beverie Moffet,New Zealand,Baker's Choco Chips,3-Aug-22,1848,55
Beverie Moffet,Australia,Milk Bars,25-May-22,1862,55
Van Tuxwell,UK,Raspberry Choco,16-Mar-22,1869,56
Jan Morforth,Australia,Orange Choco,4-Jul-22,1869,56
Jehu Rudeforth,India,50% Dark Bites,5-Jul-22,1876,56
Madelene Upcott,USA,After Nines,15-Mar-22,1897,56
Barr Faughny,UK,Raspberry Choco,22-Aug-22,1904,57
Ches Bonnell,Australia,70% Dark Bites,12-Jan-22,1939,57
Marney O'Breen,UK,Baker's Choco Chips,10-Jun-22,1939,57
Kaine Padly,Australia,Peanut Butter Cubes,25-Mar-22,1946,58
Rafaelita Blaksland,India,Almond Choco,27-Jul-22,1953,58
Husein Augar,UK,Caramel Stuffed Bars,15-Apr-22,1960,58
Roddy Speechley,India,Orange Choco,27-Jun-22,1981,58
Jehu Rudeforth,UK,70% Dark Bites,14-Apr-22,2002,58
Husein Augar,Australia,Manuka Honey Choco,15-Mar-22,2016,59
Madelene Upcott,USA,Eclairs,18-Mar-22,2030,59
Brien Boise,India,Eclairs,29-Apr-22,2030,59
Mallorie Waber,New Zealand,White Choc,25-Feb-22,2030,59
Husein Augar,USA,Milk Bars,2-Mar-22,2044,59
Van Tuxwell,Australia,Milk Bars,20-Jun-22,2058,60
Beverie Moffet,Canada,White Choc,15-Jul-22,2058,60
Dotty Strutley,Australia,50% Dark Bites,12-May-22,2058,60
Mallorie Waber,New Zealand,Organic Choco Syrup,1-Jul-22,2086,60
Husein Augar,USA,85% Dark Bars,8-Aug-22,2086,60
Madelene Upcott,Australia,50% Dark Bites,25-Jul-22,2093,60
Wilone O'Kielt,UK,Drinking Coco,18-May-22,2100,61
Camilla Castle,India,Peanut Butter Cubes,15-Jul-22,2100,61
Curtice Advani,India,70% Dark Bites,5-Jul-22,2107,62
Mallorie Waber,USA,Manuka Honey Choco,4-Jul-22,2107,62
Dotty Strutley,UK,70% Dark Bites,20-Jun-22,2149,62
Gunar Cockshoot,Australia,Almond Choco,25-Jan-22,2156,62
Kaine Padly,New Zealand,Spicy Special Slims,1-Jul-22,2163,63
Gigi Bohling,USA,50% Dark Bites,13-Apr-22,2170,64
Beverie Moffet,UK,Smooth Sliky Salty,4-May-22,2191,64
Beverie Moffet,Australia,Baker's Choco Chips,4-Aug-22,2191,65
Beverie Moffet,India,70% Dark Bites,1-Jun-22,2205,65
Jehu Rudeforth,UK,Choco Coated Almonds,22-Apr-22,2219,65
Kaine Padly,USA,50% Dark Bites,3-Aug-22,2226,65
Ches Bonnell,USA,Orange Choco,10-Jun-22,2240,65
Gunar Cockshoot,UK,Manuka Honey Choco,27-Jun-22,2268,65
Marney O'Breen,Australia,Smooth Sliky Salty,3-Jan-22,2275,65
Marney O'Breen,India,After Nines,11-Jul-22,2275,66
Ches Bonnell,New Zealand,Milk Bars,17-Aug-22,2282,66
Rafaelita Blaksland,USA,Fruit & Nut Bars,18-Jan-22,2282,67
Ches Bonnell,India,Organic Choco Syrup,8-Mar-22,2282,67
Mallorie Waber,Australia,Orange Choco,7-Mar-22,2296,67
Husein Augar,India,70% Dark Bites,9-May-22,2303,67
Barr Faughny,New Zealand,85% Dark Bars,23-May-22,2303,67
Madelene Upcott,UK,Caramel Stuffed Bars,15-Apr-22,2303,67
Gigi Bohling,Australia,Drinking Coco,27-Jul-22,2303,68
Marney O'Breen,Canada,Choco Coated Almonds,22-Aug-22,2317,68
Ches Bonnell,USA,70% Dark Bites,11-May-22,2317,68
Madelene Upcott,India,Organic Choco Syrup,26-Jan-22,2317,68
Barr Faughny,USA,50% Dark Bites,14-Apr-22,2317,68
Dennison Crosswaite,New Zealand,Mint Chip Choco,5-Apr-22,2317,69
Marney O'Breen,New Zealand,Smooth Sliky Salty,14-Jun-22,2331,69
Brien Boise,Canada,Almond Choco,13-Apr-22,2345,69
Beverie Moffet,Australia,White Choc,27-Jun-22,2352,69
Dotty Strutley,Australia,Eclairs,26-Jan-22,2366,69
Barr Faughny,UK,White Choc,5-Jul-22,2380,70
Beverie Moffet,Canada,Baker's Choco Chips,11-Jan-22,2387,70
Kelci Walkden,USA,White Choc,7-Mar-22,2401,70
Kaine Padly,Canada,50% Dark Bites,4-Mar-22,2408,70
Karlen McCaffrey,Canada,Organic Choco Syrup,15-Jul-22,2415,71
Kaine Padly,UK,Peanut Butter Cubes,11-May-22,2436,72
Karlen McCaffrey,USA,Milk Bars,27-Jan-22,2443,72
Karlen McCaffrey,India,Orange Choco,27-Jun-22,2443,72
Ches Bonnell,India,Smooth Sliky Salty,3-Aug-22,2443,72
Wilone O'Kielt,New Zealand,Mint Chip Choco,19-Aug-22,2450,72
Wilone O'Kielt,Australia,Fruit & Nut Bars,15-Jun-22,2464,72
Dennison Crosswaite,UK,Peanut Butter Cubes,7-Feb-22,2464,73
Karlen McCaffrey,Australia,Almond Choco,8-Jul-22,2471,73
Dennison Crosswaite,India,Milk Bars,21-Apr-22,2478,73
Ches Bonnell,UK,Mint Chip Choco,8-Apr-22,2485,73
Husein Augar,Australia,50% Dark Bites,19-Aug-22,2492,73
Jan Morforth,India,Fruit & Nut Bars,4-May-22,2499,73
Mallorie Waber,USA,85% Dark Bars,11-May-22,2506,73
Mallorie Waber,USA,Eclairs,22-Mar-22,2520,73
Dennison Crosswaite,Canada,Spicy Special Slims,10-Aug-22,2527,74
Dennison Crosswaite,USA,Fruit & Nut Bars,4-May-22,2534,74
Kelci Walkden,USA,99% Dark & Pure,18-Aug-22,2541,74
Dotty Strutley,Canada,Raspberry Choco,3-Aug-22,2541,75
Marney O'Breen,New Zealand,Milk Bars,14-Jan-22,2541,75
Madelene Upcott,Australia,Choco Coated Almonds,8-Apr-22,2576,75
Kelci Walkden,UK,Orange Choco,1-Aug-22,2583,76
Dennison Crosswaite,Canada,Eclairs,15-Mar-22,2583,76
Karlen McCaffrey,India,Mint Chip Choco,15-Jul-22,2597,76
Barr Faughny,New Zealand,Almond Choco,13-Jan-22,2604,76
Mallorie Waber,Australia,85% Dark Bars,26-Aug-22,2611,76
Ches Bonnell,Canada,Eclairs,10-Jan-22,2632,76
Gigi Bohling,Australia,White Choc,11-May-22,2639,77
Beverie Moffet,New Zealand,85% Dark Bars,30-Aug-22,2639,77
Kaine Padly,USA,Caramel Stuffed Bars,21-Jul-22,2653,78
Mallorie Waber,Australia,Almond Choco,1-Aug-22,2660,78
Brien Boise,Canada,85% Dark Bars,17-Feb-22,2674,78
Brien Boise,Australia,Drinking Coco,27-Jul-22,2681,78
Dotty Strutley,USA,Orange Choco,23-Feb-22,2688,78
Rafaelita Blaksland,Australia,50% Dark Bites,22-Mar-22,2702,79
Dennison Crosswaite,India,99% Dark & Pure,23-Jun-22,2723,79
Curtice Advani,UK,White Choc,1-Feb-22,2723,79
Kelci Walkden,Australia,After Nines,2-Mar-22,2744,79
Gigi Bohling,UK,Fruit & Nut Bars,6-Apr-22,2751,80
Gunar Cockshoot,Australia,Raspberry Choco,17-Mar-22,2758,80
Curtice Advani,UK,Fruit & Nut Bars,24-Jun-22,2765,81
Barr Faughny,Canada,50% Dark Bites,19-Jul-22,2779,81
Curtice Advani,USA,Spicy Special Slims,11-Jul-22,2786,81
Brien Boise,India,Almond Choco,13-Jan-22,2800,81
Oby Sorrel,New Zealand,Smooth Sliky Salty,7-Jul-22,2800,82
Jan Morforth,India,85% Dark Bars,25-May-22,2807,82
Marney O'Breen,India,Fruit & Nut Bars,13-Apr-22,2807,82
Andria Kimpton,New Zealand,50% Dark Bites,2-Mar-22,2821,82
Gunar Cockshoot,Canada,Raspberry Choco,23-Jun-22,2821,83
Kelci Walkden,USA,Drinking Coco,26-Jul-22,2835,83
Van Tuxwell,Canada,White Choc,22-Mar-22,2863,83
Rafaelita Blaksland,USA,Baker's Choco Chips,9-Jun-22,2870,84
Van Tuxwell,Australia,Caramel Stuffed Bars,17-May-22,2898,84
Ches Bonnell,New Zealand,Peanut Butter Cubes,4-Mar-22,2905,84
Kelci Walkden,Canada,Milk Bars,7-Jul-22,2912,84
Dennison Crosswaite,Canada,Choco Coated Almonds,13-Jan-22,2912,84
Curtice Advani,Australia,Almond Choco,13-Jul-22,2912,84
Madelene Upcott,Australia,85% Dark Bars,16-Jun-22,2919,84
Gigi Bohling,UK,50% Dark Bites,18-Jul-22,2926,84
Ches Bonnell,UK,Manuka Honey Choco,30-May-22,2933,85
Gigi Bohling,UK,70% Dark Bites,21-Jun-22,2933,85
Jehu Rudeforth,Australia,Peanut Butter Cubes,24-Jun-22,2961,85
Marney O'Breen,India,Eclairs,13-Jan-22,2975,85
Curtice Advani,Canada,Fruit & Nut Bars,4-Apr-22,2989,85
Kaine Padly,UK,Smooth Sliky Salty,8-Jun-22,2996,85
Karlen McCaffrey,Canada,Spicy Special Slims,2-Aug-22,2996,86
Kelci Walkden,USA,Organic Choco Syrup,21-Jul-22,3003,86
Curtice Advani,India,Spicy Special Slims,20-Jun-22,3003,86
Roddy Speechley,India,After Nines,22-Jun-22,3010,87
Camilla Castle,Australia,Caramel Stuffed Bars,2-May-22,3010,87
Curtice Advani,Australia,99% Dark & Pure,7-Jan-22,3017,87
Mallorie Waber,UK,50% Dark Bites,21-Feb-22,3017,87
Ches Bonnell,Canada,Baker's Choco Chips,21-Mar-22,3024,88
Van Tuxwell,UK,Drinking Coco,4-Apr-22,3038,88
Gunar Cockshoot,Canada,Fruit & Nut Bars,24-Mar-22,3052,88
Gunar Cockshoot,New Zealand,Spicy Special Slims,28-Jun-22,3052,88
Gunar Cockshoot,Australia,Drinking Coco,14-Jan-22,3066,88
Karlen McCaffrey,New Zealand,Fruit & Nut Bars,7-Feb-22,3073,88
Dennison Crosswaite,New Zealand,Drinking Coco,11-Jan-22,3080,88
Jehu Rudeforth,India,99% Dark & Pure,25-Feb-22,3087,89
Dotty Strutley,Australia,Mint Chip Choco,1-Aug-22,3094,89
Roddy Speechley,Australia,Mint Chip Choco,5-May-22,3094,89
Madelene Upcott,New Zealand,Raspberry Choco,18-May-22,3108,90
Dotty Strutley,New Zealand,Choco Coated Almonds,4-Jan-22,3115,90
Roddy Speechley,New Zealand,50% Dark Bites,9-May-22,3122,90
Rafaelita Blaksland,India,Smooth Sliky Salty,6-May-22,3136,91
Husein Augar,UK,White Choc,13-Jan-22,3143,91
Roddy Speechley,Australia,Almond Choco,24-Jun-22,3164,91
Van Tuxwell,USA,Caramel Stuffed Bars,14-Feb-22,3164,91
Camilla Castle,Australia,99% Dark & Pure,18-Jan-22,3171,91
Kaine Padly,India,Milk Bars,2-May-22,3171,91
Ches Bonnell,Australia,Smooth Sliky Salty,16-May-22,3178,91
Mallorie Waber,USA,Almond Choco,28-Jan-22,3185,92
Kaine Padly,Canada,99% Dark & Pure,24-Jun-22,3192,92
Oby Sorrel,UK,After Nines,18-Jul-22,3192,92
Gunar Cockshoot,UK,Eclairs,13-Apr-22,3199,92
Dotty Strutley,USA,Caramel Stuffed Bars,15-Apr-22,3213,92
Jan Morforth,India,Peanut Butter Cubes,4-Jan-22,3220,92
Husein Augar,Australia,Eclairs,4-Jul-22,3269,93
Beverie Moffet,USA,Smooth Sliky Salty,24-Mar-22,3269,93
Camilla Castle,Australia,Manuka Honey Choco,17-Mar-22,3297,93
Oby Sorrel,Australia,Almond Choco,15-Feb-22,3311,93
Jan Morforth,USA,Orange Choco,29-Jun-22,3318,94
Gigi Bohling,USA,Fruit & Nut Bars,24-May-22,3325,94
Mallorie Waber,UK,Milk Bars,10-Jan-22,3339,94
Curtice Advani,USA,Raspberry Choco,15-Mar-22,3339,94
Marney O'Breen,Canada,Milk Bars,8-Feb-22,3346,95
Brien Boise,India,Caramel Stuffed Bars,25-Feb-22,3374,96
Gunar Cockshoot,USA,Eclairs,3-May-22,3374,96
Roddy Speechley,USA,Fruit & Nut Bars,14-Jun-22,3374,96
Gunar Cockshoot,India,50% Dark Bites,9-Aug-22,3381,96
Wilone O'Kielt,New Zealand,Manuka Honey Choco,11-Jul-22,3381,96
Kaine Padly,UK,Manuka Honey Choco,14-Jan-22,3381,96
Van Tuxwell,Canada,Manuka Honey Choco,24-Feb-22,3388,96
Wilone O'Kielt,New Zealand,Almond Choco,15-Mar-22,3388,97
Oby Sorrel,New Zealand,Baker's Choco Chips,25-Apr-22,3395,97
Dennison Crosswaite,Australia,Organic Choco Syrup,10-May-22,3402,97
Marney O'Breen,Australia,Spicy Special Slims,23-Jun-22,3402,97
Beverie Moffet,Canada,Smooth Sliky Salty,28-Feb-22,3423,98
Brien Boise,USA,Organic Choco Syrup,25-May-22,3437,98
Roddy Speechley,New Zealand,Baker's Choco Chips,22-Feb-22,3437,98
Van Tuxwell,UK,85% Dark Bars,11-Jul-22,3437,99
Marney O'Breen,Canada,Spicy Special Slims,3-Jan-22,3458,99
Rafaelita Blaksland,New Zealand,70% Dark Bites,24-Aug-22,3472,99
Beverie Moffet,USA,50% Dark Bites,28-Jul-22,3472,99
Brien Boise,USA,Mint Chip Choco,25-May-22,3472,100
Karlen McCaffrey,New Zealand,Eclairs,6-May-22,3472,100
Barr Faughny,India,Drinking Coco,28-Jan-22,3479,100
Marney O'Breen,UK,Orange Choco,6-Jun-22,3486,100
Brien Boise,New Zealand,Baker's Choco Chips,12-Jul-22,3493,100
Ches Bonnell,Canada,Spicy Special Slims,5-Aug-22,3500,100
Brien Boise,USA,Orange Choco,28-Jan-22,3507,100
Kaine Padly,India,Spicy Special Slims,31-Aug-22,3507,100
Mallorie Waber,USA,50% Dark Bites,19-Apr-22,3528,101
Mallorie Waber,UK,Mint Chip Choco,29-Jun-22,3549,101
Beverie Moffet,India,Choco Coated Almonds,24-Feb-22,3549,101
Madelene Upcott,UK,Smooth Sliky Salty,4-Mar-22,3549,101
Gigi Bohling,India,Eclairs,21-Jun-22,3556,101
Rafaelita Blaksland,Australia,Organic Choco Syrup,26-Jan-22,3563,101
Oby Sorrel,New Zealand,White Choc,10-Jun-22,3577,101
Andria Kimpton,UK,Drinking Coco,23-May-22,3577,102
Kelci Walkden,India,Milk Bars,15-Apr-22,3577,102
Karlen McCaffrey,New Zealand,Caramel Stuffed Bars,31-Jan-22,3577,102
Andria Kimpton,New Zealand,Organic Choco Syrup,4-Mar-22,3584,102
Barr Faughny,New Zealand,After Nines,19-Apr-22,3605,102
Beverie Moffet,UK,Almond Choco,16-May-22,3605,102
Oby Sorrel,Australia,Raspberry Choco,17-Feb-22,3612,102
Dennison Crosswaite,USA,Raspberry Choco,18-Jan-22,3619,103
Roddy Speechley,Canada,Orange Choco,9-Feb-22,3626,103
Mallorie Waber,Canada,Orange Choco,23-Mar-22,3640,103
Madelene Upcott,New Zealand,Caramel Stuffed Bars,1-Feb-22,3640,103
Mallorie Waber,India,Drinking Coco,7-Mar-22,3647,103
Ches Bonnell,UK,White Choc,3-Jan-22,3647,104
Ches Bonnell,USA,White Choc,11-Feb-22,3654,104
Dennison Crosswaite,New Zealand,Orange Choco,16-Mar-22,3696,104
Dotty Strutley,India,White Choc,15-Aug-22,3703,105
Gigi Bohling,India,Manuka Honey Choco,12-May-22,3710,105
Van Tuxwell,India,Spicy Special Slims,11-Apr-22,3724,105
Jan Morforth,New Zealand,Mint Chip Choco,30-Jun-22,3724,106
Dotty Strutley,New Zealand,White Choc,15-Jun-22,3738,106
Rafaelita Blaksland,Canada,Caramel Stuffed Bars,1-Aug-22,3745,106
Kaine Padly,USA,Milk Bars,15-Jun-22,3752,106
Brien Boise,India,After Nines,16-Jun-22,3752,106
Oby Sorrel,New Zealand,Raspberry Choco,13-May-22,3780,106
Dennison Crosswaite,USA,Drinking Coco,10-May-22,3822,107
Oby Sorrel,India,Eclairs,25-Aug-22,3836,107
Ches Bonnell,New Zealand,Organic Choco Syrup,15-Jul-22,3836,107
Gigi Bohling,UK,Baker's Choco Chips,16-May-22,3843,108
Jan Morforth,Australia,50% Dark Bites,14-Jun-22,3857,108
Beverie Moffet,Australia,Smooth Sliky Salty,25-Jan-22,3864,108
Ches Bonnell,USA,Organic Choco Syrup,28-Jul-22,3906,109
Brien Boise,Canada,Mint Chip Choco,28-Jan-22,3948,109
Kaine Padly,UK,Orange Choco,29-Jun-22,3955,109
Karlen McCaffrey,Australia,70% Dark Bites,24-Jun-22,3969,109
Gunar Cockshoot,Canada,Mint Chip Choco,1-Jul-22,3990,109
Roddy Speechley,USA,Peanut Butter Cubes,25-Feb-22,3990,109
Curtice Advani,Canada,Smooth Sliky Salty,1-Aug-22,3990,110
Oby Sorrel,Australia,Milk Bars,21-Jun-22,3997,110
Camilla Castle,New Zealand,Spicy Special Slims,25-Jan-22,4018,111
Gigi Bohling,UK,Milk Bars,17-May-22,4025,111
Andria Kimpton,Australia,85% Dark Bars,23-Aug-22,4032,111
Camilla Castle,Australia,Smooth Sliky Salty,3-Mar-22,4046,111
Roddy Speechley,India,Caramel Stuffed Bars,30-May-22,4046,112
Karlen McCaffrey,USA,Drinking Coco,29-Jun-22,4053,112
Andria Kimpton,Canada,Organic Choco Syrup,4-Jan-22,4067,112
Jehu Rudeforth,Australia,Drinking Coco,14-Jan-22,4067,112
Karlen McCaffrey,USA,Mint Chip Choco,15-Feb-22,4074,112
Curtice Advani,New Zealand,Spicy Special Slims,10-Jan-22,4102,113
Madelene Upcott,USA,White Choc,4-May-22,4109,113
Andria Kimpton,USA,Spicy Special Slims,23-May-22,4116,113
Barr Faughny,New Zealand,Fruit & Nut Bars,26-Apr-22,4137,114
Oby Sorrel,Canada,Organic Choco Syrup,5-Jul-22,4151,114
Madelene Upcott,UK,Organic Choco Syrup,21-Jul-22,4158,114
Dotty Strutley,USA,Mint Chip Choco,21-Feb-22,4179,114
Kelci Walkden,USA,Orange Choco,3-Feb-22,4186,115
Gigi Bohling,Australia,Caramel Stuffed Bars,8-Jul-22,4193,115
Mallorie Waber,India,50% Dark Bites,31-May-22,4200,116
Van Tuxwell,New Zealand,Mint Chip Choco,27-Jun-22,4214,116
Van Tuxwell,India,50% Dark Bites,13-May-22,4221,116
Van Tuxwell,USA,Manuka Honey Choco,31-May-22,4221,117
Wilone O'Kielt,USA,Orange Choco,28-Feb-22,4256,117
Barr Faughny,New Zealand,Eclairs,28-Mar-22,4263,117
Gigi Bohling,USA,After Nines,14-Jan-22,4263,118
Barr Faughny,New Zealand,Mint Chip Choco,21-Feb-22,4270,118
Dennison Crosswaite,Canada,85% Dark Bars,1-Aug-22,4284,118
Beverie Moffet,New Zealand,Smooth Sliky Salty,19-May-22,4291,118
Husein Augar,USA,White Choc,13-Jul-22,4312,118
Andria Kimpton,Australia,Peanut Butter Cubes,20-Apr-22,4326,118
Dennison Crosswaite,India,85% Dark Bars,30-Jun-22,4326,119
Curtice Advani,UK,50% Dark Bites,8-Mar-22,4333,119
Gunar Cockshoot,USA,Fruit & Nut Bars,9-Mar-22,4340,120
Oby Sorrel,Canada,Raspberry Choco,16-Jun-22,4340,120
Gigi Bohling,UK,Drinking Coco,30-Jun-22,4347,120
Kelci Walkden,India,Mint Chip Choco,28-Jul-22,4361,121
Karlen McCaffrey,Canada,Peanut Butter Cubes,12-Aug-22,4361,121
Barr Faughny,UK,Mint Chip Choco,7-Jul-22,4361,121
Barr Faughny,USA,85% Dark Bars,25-Aug-22,4361,121
Husein Augar,Canada,Eclairs,17-Jan-22,4382,121
Jan Morforth,Australia,70% Dark Bites,4-Mar-22,4382,122
Marney O'Breen,New Zealand,Fruit & Nut Bars,25-Aug-22,4389,122
Ches Bonnell,UK,Peanut Butter Cubes,15-Apr-22,4389,122
Kaine Padly,USA,Organic Choco Syrup,11-Mar-22,4396,123
Camilla Castle,USA,Raspberry Choco,20-May-22,4403,124
Brien Boise,New Zealand,Manuka Honey Choco,14-Jun-22,4403,125
Jehu Rudeforth,New Zealand,After Nines,14-Apr-22,4410,125
Jehu Rudeforth,USA,Smooth Sliky Salty,7-Jul-22,4438,125
Madelene Upcott,India,Mint Chip Choco,24-Aug-22,4466,125
Jehu Rudeforth,India,Eclairs,24-Feb-22,4466,125
Karlen McCaffrey,Canada,Raspberry Choco,9-May-22,4494,125
Kaine Padly,Australia,70% Dark Bites,8-Feb-22,4494,125
Roddy Speechley,UK,70% Dark Bites,24-Mar-22,4501,125
Rafaelita Blaksland,USA,Drinking Coco,20-Jun-22,4501,126
Mallorie Waber,Canada,Manuka Honey Choco,7-Mar-22,4515,126
Kaine Padly,Australia,Fruit & Nut Bars,20-Jun-22,4515,126
Oby Sorrel,New Zealand,Organic Choco Syrup,17-Feb-22,4515,126
Madelene Upcott,UK,99% Dark & Pure,26-Jan-22,4522,126
Madelene Upcott,Australia,Mint Chip Choco,2-May-22,4550,126
Curtice Advani,Canada,99% Dark & Pure,7-Jul-22,4557,127
Rafaelita Blaksland,Australia,Baker's Choco Chips,22-Aug-22,4571,127
Karlen McCaffrey,Australia,After Nines,11-Aug-22,4571,128
Marney O'Breen,UK,99% Dark & Pure,13-Jan-22,4571,128
Gunar Cockshoot,Australia,50% Dark Bites,2-Mar-22,4592,128
Marney O'Breen,Australia,Choco Coated Almonds,27-Jul-22,4599,128
Kelci Walkden,New Zealand,Drinking Coco,10-Mar-22,4606,129
Beverie Moffet,USA,85% Dark Bars,23-Aug-22,4627,129
Roddy Speechley,USA,Eclairs,25-Apr-22,4641,129
Dennison Crosswaite,UK,Milk Bars,7-Mar-22,4669,130
Wilone O'Kielt,UK,Organic Choco Syrup,12-Jul-22,4676,130
Madelene Upcott,USA,Orange Choco,16-May-22,4690,130
Gunar Cockshoot,India,Smooth Sliky Salty,2-Mar-22,4697,130
Marney O'Breen,New Zealand,85% Dark Bars,30-May-22,4704,130
Marney O'Breen,UK,Manuka Honey Choco,10-Jun-22,4704,131
Brien Boise,USA,99% Dark & Pure,25-Jul-22,4725,131
Beverie Moffet,New Zealand,Mint Chip Choco,9-Jun-22,4739,131
Dennison Crosswaite,USA,Milk Bars,12-May-22,4746,132
Gunar Cockshoot,USA,Drinking Coco,9-May-22,4753,133
Brien Boise,Canada,Manuka Honey Choco,9-Aug-22,4753,133
Van Tuxwell,India,Choco Coated Almonds,13-Apr-22,4753,133
Andria Kimpton,USA,Caramel Stuffed Bars,2-May-22,4760,133
Dotty Strutley,USA,99% Dark & Pure,9-Aug-22,4781,133
Camilla Castle,Australia,Raspberry Choco,23-Aug-22,4781,134
Gunar Cockshoot,India,Spicy Special Slims,13-May-22,4781,134
Karlen McCaffrey,USA,Manuka Honey Choco,1-Feb-22,4795,134
Camilla Castle,USA,50% Dark Bites,23-Jun-22,4802,134
Madelene Upcott,UK,Choco Coated Almonds,24-May-22,4816,134
Jan Morforth,Canada,Mint Chip Choco,1-Apr-22,4830,134
Camilla Castle,Canada,70% Dark Bites,27-Jul-22,4844,134
Ches Bonnell,India,Peanut Butter Cubes,27-Jan-22,4844,135
Jan Morforth,India,Choco Coated Almonds,12-Aug-22,4858,135
Gigi Bohling,Canada,Almond Choco,1-Feb-22,4858,135
Rafaelita Blaksland,India,After Nines,2-Mar-22,4865,135
Kelci Walkden,Australia,99% Dark & Pure,30-Jun-22,4872,135
Dotty Strutley,Australia,Spicy Special Slims,17-Jan-22,4879,135
Brien Boise,USA,Milk Bars,7-Jul-22,4879,135
Mallorie Waber,New Zealand,Mint Chip Choco,31-Jan-22,4900,135
Beverie Moffet,UK,99% Dark & Pure,10-Aug-22,4914,136
Beverie Moffet,USA,Peanut Butter Cubes,18-Aug-22,4935,136
Brien Boise,New Zealand,White Choc,15-Jun-22,4935,136
Marney O'Breen,USA,Baker's Choco Chips,26-Jan-22,4935,136
Kelci Walkden,USA,Spicy Special Slims,29-Apr-22,4956,136
Mallorie Waber,Canada,White Choc,3-Mar-22,4977,137
Kaine Padly,Australia,Almond Choco,22-Feb-22,4991,137
Oby Sorrel,USA,Smooth Sliky Salty,4-Mar-22,5012,137
Dennison Crosswaite,India,Smooth Sliky Salty,7-Jul-22,5012,137
Camilla Castle,New Zealand,Caramel Stuffed Bars,17-Jun-22,5012,137
Jan Morforth,Canada,Caramel Stuffed Bars,2-Aug-22,5033,137
Oby Sorrel,USA,Baker's Choco Chips,12-Aug-22,5061,138
Madelene Upcott,New Zealand,Peanut Butter Cubes,28-Jan-22,5075,138
Kelci Walkden,Australia,Orange Choco,29-Apr-22,5075,138
Marney O'Breen,Australia,Manuka Honey Choco,5-Apr-22,5096,138
Kaine Padly,Canada,Manuka Honey Choco,18-Jan-22,5103,138
Jehu Rudeforth,UK,Baker's Choco Chips,16-May-22,5103,138
Kelci Walkden,Australia,White Choc,24-Aug-22,5124,138
Curtice Advani,India,85% Dark Bars,18-Jan-22,5131,139
Kaine Padly,USA,Eclairs,22-Aug-22,5152,139
Gunar Cockshoot,UK,99% Dark & Pure,7-Mar-22,5173,139
Beverie Moffet,UK,Choco Coated Almonds,4-Mar-22,5180,140
Dotty Strutley,Canada,Manuka Honey Choco,22-Apr-22,5187,140
Kaine Padly,Australia,Milk Bars,9-Jun-22,5194,140
Jan Morforth,Canada,Fruit & Nut Bars,25-Jul-22,5222,140
Jan Morforth,India,Smooth Sliky Salty,3-Aug-22,5229,140
Rafaelita Blaksland,Australia,Manuka Honey Choco,3-Aug-22,5243,141
Jehu Rudeforth,UK,Milk Bars,3-May-22,5250,141
Husein Augar,Canada,After Nines,19-Jan-22,5250,141
Roddy Speechley,USA,50% Dark Bites,11-Feb-22,5271,142
Van Tuxwell,India,Almond Choco,14-Jun-22,5292,142
Kelci Walkden,USA,50% Dark Bites,23-Mar-22,5292,142
Madelene Upcott,Canada,85% Dark Bars,17-Feb-22,5299,142
Dennison Crosswaite,Canada,Smooth Sliky Salty,17-Mar-22,5313,142
Mallorie Waber,Australia,Spicy Special Slims,29-Jun-22,5320,142
Ches Bonnell,Canada,Choco Coated Almonds,24-Aug-22,5327,142
Gigi Bohling,Canada,Spicy Special Slims,4-Jul-22,5334,144
Roddy Speechley,New Zealand,Almond Choco,28-Mar-22,5334,144
Curtice Advani,India,Smooth Sliky Salty,19-Apr-22,5376,145
Ches Bonnell,New Zealand,Mint Chip Choco,18-Jan-22,5397,145
Van Tuxwell,New Zealand,Fruit & Nut Bars,17-Jan-22,5404,145
Andria Kimpton,New Zealand,Mint Chip Choco,15-Feb-22,5425,145
Andria Kimpton,UK,Milk Bars,11-Feb-22,5439,145
Camilla Castle,USA,Manuka Honey Choco,21-Mar-22,5446,145
Gunar Cockshoot,New Zealand,Almond Choco,5-Jan-22,5446,146
Brien Boise,India,Raspberry Choco,30-May-22,5460,146
Jehu Rudeforth,USA,99% Dark & Pure,4-Jan-22,5460,146
Beverie Moffet,Australia,Fruit & Nut Bars,22-Apr-22,5474,146
Gigi Bohling,Canada,Milk Bars,10-Feb-22,5474,147
Dotty Strutley,India,Spicy Special Slims,12-Aug-22,5481,147
Gunar Cockshoot,USA,Organic Choco Syrup,10-Aug-22,5502,147
Kelci Walkden,Australia,Raspberry Choco,7-Jun-22,5502,148
Jehu Rudeforth,India,Baker's Choco Chips,6-Jun-22,5509,148
Karlen McCaffrey,New Zealand,Baker's Choco Chips,5-Apr-22,5509,149
Wilone O'Kielt,USA,50% Dark Bites,18-Apr-22,5523,149
Andria Kimpton,India,50% Dark Bites,31-Jan-22,5558,149
Madelene Upcott,USA,Baker's Choco Chips,22-Aug-22,5565,149
Jehu Rudeforth,Australia,99% Dark & Pure,25-Feb-22,5579,149
Jan Morforth,Australia,Mint Chip Choco,22-Feb-22,5593,149
Oby Sorrel,New Zealand,Milk Bars,12-Jan-22,5600,150
Brien Boise,UK,Almond Choco,25-May-22,5614,150
Kelci Walkden,India,Smooth Sliky Salty,1-Feb-22,5621,150
Rafaelita Blaksland,UK,Eclairs,27-Apr-22,5642,151
Gigi Bohling,USA,Smooth Sliky Salty,22-Jul-22,5663,151
Curtice Advani,New Zealand,Mint Chip Choco,26-Jan-22,5663,151
Curtice Advani,USA,Mint Chip Choco,24-Aug-22,5670,151
Madelene Upcott,New Zealand,Fruit & Nut Bars,18-Jan-22,5677,151
Karlen McCaffrey,India,85% Dark Bars,30-Mar-22,5684,151
Ches Bonnell,Australia,Caramel Stuffed Bars,17-Jan-22,5691,151
Kelci Walkden,USA,Fruit & Nut Bars,17-Feb-22,5691,152
Kelci Walkden,Canada,Peanut Butter Cubes,8-Apr-22,5691,153
Gigi Bohling,Canada,Drinking Coco,6-Jul-22,5691,153
Husein Augar,India,Fruit & Nut Bars,4-Apr-22,5705,154
Jan Morforth,New Zealand,Organic Choco Syrup,2-Mar-22,5733,154
Gigi Bohling,New Zealand,Raspberry Choco,9-Aug-22,5733,154
Dennison Crosswaite,Australia,Milk Bars,9-Jun-22,5740,154
Ches Bonnell,UK,Caramel Stuffed Bars,2-Jun-22,5747,154
Van Tuxwell,USA,Fruit & Nut Bars,5-Jul-22,5754,155
Andria Kimpton,Canada,Eclairs,11-Aug-22,5768,155
Madelene Upcott,India,Choco Coated Almonds,11-Feb-22,5768,155
Kelci Walkden,New Zealand,Spicy Special Slims,11-Aug-22,5775,156
Roddy Speechley,Australia,Drinking Coco,12-May-22,5775,156
Wilone O'Kielt,USA,Milk Bars,15-Jul-22,5782,156
Andria Kimpton,India,Organic Choco Syrup,18-Jan-22,5782,156
Madelene Upcott,UK,Fruit & Nut Bars,5-Jan-22,5796,157
Curtice Advani,Australia,50% Dark Bites,29-Jun-22,5803,157
Brien Boise,Canada,Raspberry Choco,14-Jun-22,5810,157
Gunar Cockshoot,India,Mint Chip Choco,8-Aug-22,5845,157
Dennison Crosswaite,India,Mint Chip Choco,23-Mar-22,5845,157
Barr Faughny,India,Caramel Stuffed Bars,4-Jan-22,5852,157
Brien Boise,India,Milk Bars,22-Feb-22,5859,157
Beverie Moffet,UK,Spicy Special Slims,17-Feb-22,5859,158
Barr Faughny,USA,Almond Choco,3-Feb-22,5873,158
Van Tuxwell,Canada,Raspberry Choco,17-Mar-22,5887,158
Wilone O'Kielt,Australia,Baker's Choco Chips,25-Jan-22,5894,158
Brien Boise,Australia,Milk Bars,27-Jul-22,5908,158
Husein Augar,Australia,Fruit & Nut Bars,28-Jan-22,5929,159
Madelene Upcott,Australia,Organic Choco Syrup,5-Jul-22,5936,159
Van Tuxwell,India,White Choc,15-Mar-22,5964,159
Gunar Cockshoot,Canada,After Nines,4-Aug-22,5978,160
Jan Morforth,USA,Fruit & Nut Bars,27-Jun-22,6013,160
Jan Morforth,Canada,After Nines,13-Jul-22,6020,160
Barr Faughny,New Zealand,Manuka Honey Choco,24-Feb-22,6034,162
Karlen McCaffrey,New Zealand,85% Dark Bars,28-Jun-22,6048,163
Oby Sorrel,Australia,85% Dark Bars,30-Jun-22,6055,163
Curtice Advani,Canada,Choco Coated Almonds,18-Aug-22,6055,163
Kaine Padly,India,70% Dark Bites,24-Jan-22,6055,163
Beverie Moffet,USA,White Choc,11-Mar-22,6069,164
Ches Bonnell,New Zealand,After Nines,23-Jun-22,6069,164
Husein Augar,India,Spicy Special Slims,22-Aug-22,6090,164
Gunar Cockshoot,Canada,50% Dark Bites,4-Jan-22,6111,164
Curtice Advani,India,Milk Bars,5-Apr-22,6139,165
Beverie Moffet,India,Milk Bars,15-Apr-22,6167,166
Husein Augar,Australia,White Choc,11-May-22,6181,166
Andria Kimpton,Canada,Manuka Honey Choco,21-Jul-22,6188,166
Jan Morforth,New Zealand,Orange Choco,11-Feb-22,6188,167
Andria Kimpton,Canada,Smooth Sliky Salty,8-Jul-22,6223,167
Gunar Cockshoot,UK,Raspberry Choco,11-Aug-22,6223,167
Husein Augar,New Zealand,After Nines,4-Aug-22,6237,167
Andria Kimpton,New Zealand,Orange Choco,14-Jun-22,6237,167
Dennison Crosswaite,UK,Baker's Choco Chips,17-Jan-22,6272,168
Jehu Rudeforth,Canada,Orange Choco,23-Jun-22,6279,168
Jehu Rudeforth,UK,Smooth Sliky Salty,24-Aug-22,6307,168
Andria Kimpton,UK,Caramel Stuffed Bars,7-Jun-22,6321,169
Jan Morforth,UK,White Choc,22-Jun-22,6328,169
Dotty Strutley,USA,Fruit & Nut Bars,13-Jul-22,6328,170
Kelci Walkden,UK,Choco Coated Almonds,24-May-22,6328,170
Gunar Cockshoot,New Zealand,After Nines,9-Aug-22,6342,170
Kaine Padly,Canada,85% Dark Bars,6-Apr-22,6342,170
Jan Morforth,New Zealand,Manuka Honey Choco,28-Jul-22,6384,170
Gunar Cockshoot,New Zealand,Raspberry Choco,24-Aug-22,6426,171
Van Tuxwell,Australia,99% Dark & Pure,17-Jan-22,6426,171
Curtice Advani,USA,Drinking Coco,7-Feb-22,6433,172
Brien Boise,Australia,Spicy Special Slims,9-May-22,6440,172
Mallorie Waber,New Zealand,85% Dark Bars,6-Jun-22,6440,172
Wilone O'Kielt,USA,Choco Coated Almonds,6-Jun-22,6454,172
Beverie Moffet,New Zealand,Organic Choco Syrup,24-May-22,6454,172
Gunar Cockshoot,UK,50% Dark Bites,13-Jan-22,6454,173
Marney O'Breen,USA,Raspberry Choco,23-May-22,6454,173
Jehu Rudeforth,UK,White Choc,29-Jun-22,6468,173
Jehu Rudeforth,New Zealand,85% Dark Bars,11-Mar-22,6468,174
Dotty Strutley,USA,85% Dark Bars,25-Apr-22,6475,174
Rafaelita Blaksland,Australia,Smooth Sliky Salty,30-May-22,6489,174
Curtice Advani,India,Manuka Honey Choco,23-May-22,6496,175
Mallorie Waber,USA,Peanut Butter Cubes,23-May-22,6510,175
Van Tuxwell,Canada,Peanut Butter Cubes,24-Jun-22,6510,175
Kelci Walkden,New Zealand,Smooth Sliky Salty,11-Mar-22,6524,175
Rafaelita Blaksland,USA,Smooth Sliky Salty,27-Jul-22,6524,176
Rafaelita Blaksland,USA,White Choc,16-Aug-22,6538,176
Roddy Speechley,Canada,Smooth Sliky Salty,7-Mar-22,6559,176
Curtice Advani,New Zealand,After Nines,5-Apr-22,6559,176
Camilla Castle,India,85% Dark Bars,4-May-22,6566,176
Ches Bonnell,USA,Choco Coated Almonds,4-Jan-22,6587,177
Marney O'Breen,Australia,Baker's Choco Chips,13-Jan-22,6594,178
Wilone O'Kielt,New Zealand,Fruit & Nut Bars,11-Jul-22,6615,178
Kaine Padly,Australia,Mint Chip Choco,17-May-22,6657,178
Camilla Castle,New Zealand,Peanut Butter Cubes,21-Jul-22,6678,178
Curtice Advani,Canada,Organic Choco Syrup,22-Feb-22,6678,178
Jan Morforth,India,99% Dark & Pure,23-May-22,6678,179
Rafaelita Blaksland,Canada,Drinking Coco,12-Jul-22,6706,179
Jan Morforth,UK,Orange Choco,15-Jun-22,6713,179
Barr Faughny,New Zealand,50% Dark Bites,23-Jun-22,6713,179
Curtice Advani,Australia,Eclairs,25-Mar-22,6762,180
Jan Morforth,India,Caramel Stuffed Bars,4-Jul-22,6769,180
Andria Kimpton,UK,White Choc,12-May-22,6776,180
Camilla Castle,New Zealand,Raspberry Choco,4-Apr-22,6790,181
Madelene Upcott,Australia,Orange Choco,15-Apr-22,6790,181
Roddy Speechley,Canada,Eclairs,8-Mar-22,6790,181
Karlen McCaffrey,India,White Choc,17-Jan-22,6797,181
Wilone O'Kielt,India,Mint Chip Choco,22-Aug-22,6811,181
Andria Kimpton,UK,99% Dark & Pure,25-Jul-22,6818,182
Marney O'Breen,UK,50% Dark Bites,14-Jun-22,6832,182
Ches Bonnell,India,Choco Coated Almonds,5-Apr-22,6832,182
Madelene Upcott,UK,Raspberry Choco,26-Aug-22,6832,183
Wilone O'Kielt,Australia,50% Dark Bites,3-Aug-22,6839,183
Gigi Bohling,Canada,White Choc,11-Jul-22,6839,183
Wilone O'Kielt,New Zealand,Eclairs,11-Mar-22,6867,184
Brien Boise,UK,Peanut Butter Cubes,10-Jan-22,6881,184
Roddy Speechley,UK,Baker's Choco Chips,4-Apr-22,6888,184
Karlen McCaffrey,Australia,50% Dark Bites,17-Jan-22,6888,185
Marney O'Breen,New Zealand,Organic Choco Syrup,8-Jul-22,6916,185
Jan Morforth,UK,Organic Choco Syrup,12-Apr-22,6916,186
Rafaelita Blaksland,Canada,Fruit & Nut Bars,24-Aug-22,6916,187
Ches Bonnell,UK,Choco Coated Almonds,7-Jun-22,6930,187
Gunar Cockshoot,Canada,Almond Choco,28-Jul-22,6944,187
Husein Augar,USA,99% Dark & Pure,21-Feb-22,6965,187
Dennison Crosswaite,Canada,Mint Chip Choco,8-Apr-22,6972,188
Brien Boise,UK,Manuka Honey Choco,28-Jun-22,6979,188
Van Tuxwell,UK,Baker's Choco Chips,24-Mar-22,6979,188
Barr Faughny,Australia,Caramel Stuffed Bars,29-Jul-22,6986,189
Dennison Crosswaite,USA,Eclairs,25-May-22,6993,189
Gigi Bohling,Australia,Raspberry Choco,30-Mar-22,7007,190
Dennison Crosswaite,USA,Organic Choco Syrup,18-Jul-22,7014,191
Beverie Moffet,Canada,Orange Choco,10-May-22,7042,194
Mallorie Waber,Australia,Choco Coated Almonds,18-Mar-22,7063,194
Ches Bonnell,India,Caramel Stuffed Bars,15-Jun-22,7077,194
Van Tuxwell,Canada,50% Dark Bites,12-May-22,7091,194
Kelci Walkden,New Zealand,Baker's Choco Chips,23-Jun-22,7119,195
Beverie Moffet,India,Spicy Special Slims,21-Apr-22,7126,195
Gigi Bohling,Australia,Almond Choco,17-Aug-22,7133,195
Rafaelita Blaksland,New Zealand,Eclairs,7-Feb-22,7140,196
Kelci Walkden,Canada,Smooth Sliky Salty,17-Mar-22,7154,196
Jan Morforth,India,Baker's Choco Chips,1-Aug-22,7154,197
Jehu Rudeforth,Australia,Milk Bars,18-Mar-22,7154,198
Gigi Bohling,Canada,Fruit & Nut Bars,14-Jun-22,7161,198
Beverie Moffet,UK,Eclairs,22-Apr-22,7175,199
Marney O'Breen,New Zealand,Eclairs,18-Jan-22,7182,200
Husein Augar,Australia,99% Dark & Pure,26-Aug-22,7196,200
Gunar Cockshoot,New Zealand,Fruit & Nut Bars,10-Jun-22,7203,200
Curtice Advani,Canada,70% Dark Bites,31-Jan-22,7231,200
Kelci Walkden,New Zealand,Manuka Honey Choco,8-Apr-22,7231,200
Dotty Strutley,Australia,Baker's Choco Chips,7-Jun-22,7238,201
Barr Faughny,Australia,85% Dark Bars,10-Feb-22,7252,201
Beverie Moffet,Australia,50% Dark Bites,16-May-22,7273,202
Gunar Cockshoot,India,Baker's Choco Chips,18-Mar-22,7287,202
Van Tuxwell,Australia,50% Dark Bites,13-Jul-22,7294,202
Oby Sorrel,USA,Manuka Honey Choco,25-Jul-22,7315,203
Van Tuxwell,Canada,Choco Coated Almonds,19-Aug-22,7350,203
Karlen McCaffrey,Canada,70% Dark Bites,24-Jun-22,7357,203
Kelci Walkden,Canada,Fruit & Nut Bars,20-Jun-22,7357,204
Camilla Castle,India,99% Dark & Pure,2-Aug-22,7364,204
Madelene Upcott,New Zealand,70% Dark Bites,22-Feb-22,7406,204
Mallorie Waber,New Zealand,Orange Choco,1-Feb-22,7413,204
Jan Morforth,Canada,70% Dark Bites,14-Feb-22,7413,205
Kelci Walkden,Australia,Milk Bars,24-Feb-22,7420,205
Dennison Crosswaite,India,Orange Choco,18-Mar-22,7434,205
Husein Augar,UK,Eclairs,30-Aug-22,7462,207
Gigi Bohling,USA,Peanut Butter Cubes,9-May-22,7483,207
Wilone O'Kielt,USA,Smooth Sliky Salty,18-Jan-22,7483,207
Curtice Advani,India,White Choc,4-Jul-22,7490,208
Oby Sorrel,New Zealand,Spicy Special Slims,3-Jun-22,7490,208
Beverie Moffet,New Zealand,Peanut Butter Cubes,23-Feb-22,7504,209
Dotty Strutley,New Zealand,99% Dark & Pure,9-May-22,7532,210
Kelci Walkden,India,70% Dark Bites,6-Jun-22,7532,211
Kelci Walkden,India,Drinking Coco,4-Jul-22,7560,211
Brien Boise,New Zealand,Drinking Coco,6-Jun-22,7588,211
Dotty Strutley,Australia,Almond Choco,13-May-22,7595,212
Wilone O'Kielt,New Zealand,Organic Choco Syrup,31-Jan-22,7602,212
Ches Bonnell,New Zealand,Caramel Stuffed Bars,30-Jun-22,7602,212
Barr Faughny,Canada,Manuka Honey Choco,25-Aug-22,7609,212
Gigi Bohling,New Zealand,Smooth Sliky Salty,10-Jan-22,7623,213
Brien Boise,USA,Manuka Honey Choco,22-Aug-22,7623,213
Roddy Speechley,New Zealand,85% Dark Bars,14-Apr-22,7672,214
Oby Sorrel,UK,Smooth Sliky Salty,31-May-22,7672,215
Oby Sorrel,UK,Raspberry Choco,8-Apr-22,7714,216
Roddy Speechley,USA,Drinking Coco,21-Feb-22,7714,216
Andria Kimpton,Australia,Manuka Honey Choco,30-Mar-22,7714,216
Mallorie Waber,India,Raspberry Choco,2-Mar-22,7714,216
Jehu Rudeforth,USA,Orange Choco,28-Jul-22,7721,217
Kaine Padly,New Zealand,70% Dark Bites,24-Mar-22,7728,218
Curtice Advani,Australia,After Nines,11-Aug-22,7742,219
Husein Augar,UK,Almond Choco,17-May-22,7756,220
Kaine Padly,Canada,Choco Coated Almonds,18-May-22,7756,222
Roddy Speechley,UK,Peanut Butter Cubes,17-Aug-22,7770,223
Ches Bonnell,New Zealand,Eclairs,4-Apr-22,7798,223
Brien Boise,India,85% Dark Bars,9-Aug-22,7798,223
Brien Boise,New Zealand,Organic Choco Syrup,17-Jan-22,7882,223
Andria Kimpton,Canada,White Choc,14-Feb-22,7896,223
Gigi Bohling,New Zealand,Orange Choco,16-May-22,7910,224
Ches Bonnell,Canada,Smooth Sliky Salty,16-Mar-22,7910,224
Husein Augar,Canada,70% Dark Bites,31-Jan-22,7924,226
Barr Faughny,Canada,Organic Choco Syrup,10-Mar-22,7952,226
Oby Sorrel,UK,Organic Choco Syrup,30-Jun-22,7959,226
Van Tuxwell,New Zealand,Eclairs,1-Mar-22,7959,227
Mallorie Waber,UK,Drinking Coco,27-May-22,7980,227
Oby Sorrel,UK,Milk Bars,11-Jul-22,8001,227
Karlen McCaffrey,New Zealand,Mint Chip Choco,2-Mar-22,8001,227
Jehu Rudeforth,USA,Raspberry Choco,4-Mar-22,8001,228
Kelci Walkden,UK,85% Dark Bars,23-Jun-22,8022,228
Kelci Walkden,USA,Almond Choco,27-Jan-22,8029,229
Marney O'Breen,Canada,Orange Choco,14-Jan-22,8043,229
Dennison Crosswaite,India,Fruit & Nut Bars,29-Jul-22,8064,229
Brien Boise,Canada,Smooth Sliky Salty,13-May-22,8092,232
Barr Faughny,Canada,Baker's Choco Chips,3-Feb-22,8099,232
Brien Boise,India,Smooth Sliky Salty,27-May-22,8106,232
Jan Morforth,Australia,Drinking Coco,18-Feb-22,8113,233
Brien Boise,India,Spicy Special Slims,28-Jan-22,8113,233
Van Tuxwell,UK,Eclairs,29-Jun-22,8134,233
Wilone O'Kielt,India,Caramel Stuffed Bars,13-Jan-22,8148,233
Jehu Rudeforth,UK,After Nines,27-Jun-22,8155,233
Barr Faughny,Canada,White Choc,29-Mar-22,8169,234
Gunar Cockshoot,India,Organic Choco Syrup,3-Jun-22,8183,234
Mallorie Waber,Canada,Smooth Sliky Salty,21-Mar-22,8190,235
Mallorie Waber,India,Eclairs,12-Apr-22,8197,235
Rafaelita Blaksland,Australia,Raspberry Choco,19-Jan-22,8204,235
Karlen McCaffrey,UK,50% Dark Bites,6-Apr-22,8204,235
Kaine Padly,Australia,50% Dark Bites,2-Aug-22,8225,236
Gigi Bohling,Australia,Eclairs,12-Apr-22,8267,236
Oby Sorrel,India,Drinking Coco,21-Jul-22,8302,236
Van Tuxwell,New Zealand,Baker's Choco Chips,22-Mar-22,8309,237
Husein Augar,India,Peanut Butter Cubes,9-May-22,8337,237
Andria Kimpton,Australia,Baker's Choco Chips,9-Aug-22,8379,238
Madelene Upcott,Canada,Choco Coated Almonds,20-Jul-22,8379,238
Brien Boise,India,70% Dark Bites,14-Apr-22,8393,239
Jehu Rudeforth,Canada,White Choc,25-Jan-22,8400,239
Andria Kimpton,Australia,Almond Choco,25-Apr-22,8428,239
Dotty Strutley,Canada,After Nines,17-Jan-22,8463,241
Karlen McCaffrey,USA,Eclairs,15-Aug-22,8470,241
Karlen McCaffrey,Canada,Fruit & Nut Bars,2-Jun-22,8484,242
Gunar Cockshoot,USA,85% Dark Bars,30-Jun-22,8491,242
Dotty Strutley,New Zealand,Raspberry Choco,10-Feb-22,8498,243
Marney O'Breen,Canada,Caramel Stuffed Bars,23-Feb-22,8512,244
Dennison Crosswaite,India,Organic Choco Syrup,27-Jan-22,8526,244
Camilla Castle,UK,Mint Chip Choco,26-May-22,8575,246
Brien Boise,USA,70% Dark Bites,14-Apr-22,8589,247
Madelene Upcott,Australia,99% Dark & Pure,1-Aug-22,8603,248
Mallorie Waber,Australia,Eclairs,22-Aug-22,8617,249
Marney O'Breen,India,99% Dark & Pure,22-Jul-22,8624,249
Husein Augar,USA,Fruit & Nut Bars,28-Apr-22,8659,249
Kelci Walkden,Australia,Almond Choco,30-May-22,8673,250
Ches Bonnell,USA,Milk Bars,21-Jul-22,8680,251
Jan Morforth,UK,Caramel Stuffed Bars,2-Aug-22,8687,251
Brien Boise,New Zealand,70% Dark Bites,15-Jun-22,8715,252
Oby Sorrel,India,85% Dark Bars,5-Jul-22,8722,252
Kaine Padly,New Zealand,Smooth Sliky Salty,12-Apr-22,8757,252
Gigi Bohling,Australia,70% Dark Bites,18-Aug-22,8757,252
Jan Morforth,UK,50% Dark Bites,12-Jan-22,8771,252
Gunar Cockshoot,Canada,White Choc,11-Aug-22,8799,254
Jehu Rudeforth,Australia,Spicy Special Slims,13-Jan-22,8799,254
Husein Augar,UK,Baker's Choco Chips,29-Apr-22,8848,256
Rafaelita Blaksland,New Zealand,After Nines,7-Jul-22,8883,256
Madelene Upcott,New Zealand,Mint Chip Choco,11-Mar-22,8897,256
Madelene Upcott,UK,70% Dark Bites,16-Feb-22,8904,257
Barr Faughny,Australia,Organic Choco Syrup,7-Jan-22,8911,258
Beverie Moffet,New Zealand,Drinking Coco,12-Jan-22,8911,258
Beverie Moffet,India,Eclairs,9-Jun-22,8925,259
Andria Kimpton,India,Eclairs,16-May-22,8939,259
Gigi Bohling,UK,85% Dark Bars,23-Jun-22,8981,259
Roddy Speechley,UK,Raspberry Choco,28-Jan-22,8995,260
Dotty Strutley,UK,Mint Chip Choco,14-Jul-22,9016,260
Barr Faughny,Canada,Drinking Coco,18-Apr-22,9023,261
Oby Sorrel,USA,Milk Bars,14-Jun-22,9023,261
Oby Sorrel,UK,Orange Choco,15-Apr-22,9037,262
Curtice Advani,Canada,Peanut Butter Cubes,19-May-22,9037,264
Gigi Bohling,India,White Choc,13-Apr-22,9058,264
Husein Augar,Canada,Choco Coated Almonds,15-Aug-22,9058,264
Wilone O'Kielt,India,Choco Coated Almonds,22-Aug-22,9100,264
Wilone O'Kielt,New Zealand,Baker's Choco Chips,22-Apr-22,9107,264
Kaine Padly,UK,Choco Coated Almonds,3-Aug-22,9114,265
Dennison Crosswaite,New Zealand,Organic Choco Syrup,4-Jan-22,9198,265
Kelci Walkden,Canada,After Nines,13-Jan-22,9205,265
Van Tuxwell,Australia,Baker's Choco Chips,11-May-22,9226,268
Husein Augar,New Zealand,Peanut Butter Cubes,16-Feb-22,9268,269
Kaine Padly,UK,Caramel Stuffed Bars,20-May-22,9275,270
Jehu Rudeforth,UK,Drinking Coco,3-Feb-22,9275,270
Beverie Moffet,India,Manuka Honey Choco,6-May-22,9282,271
Gunar Cockshoot,UK,Choco Coated Almonds,30-Jun-22,9310,271
Gunar Cockshoot,UK,Smooth Sliky Salty,22-Mar-22,9324,271
Camilla Castle,Canada,Orange Choco,17-Feb-22,9338,272
Jehu Rudeforth,UK,85% Dark Bars,7-Jul-22,9345,273
Oby Sorrel,UK,70% Dark Bites,16-Mar-22,9408,275
Kelci Walkden,UK,99% Dark & Pure,12-Aug-22,9422,275
Gigi Bohling,New Zealand,After Nines,21-Jan-22,9436,275
Oby Sorrel,Australia,50% Dark Bites,6-May-22,9457,275
Oby Sorrel,Canada,50% Dark Bites,24-Jun-22,9492,275
Barr Faughny,USA,White Choc,5-May-22,9506,276
Rafaelita Blaksland,New Zealand,99% Dark & Pure,25-Mar-22,9527,276
Curtice Advani,Australia,Caramel Stuffed Bars,14-Feb-22,9534,277
Curtice Advani,New Zealand,85% Dark Bars,12-May-22,9541,277
Barr Faughny,New Zealand,Smooth Sliky Salty,25-Jan-22,9583,277
Ches Bonnell,UK,85% Dark Bars,28-Jun-22,9625,277
Dennison Crosswaite,Australia,Drinking Coco,13-Jul-22,9625,280
Roddy Speechley,USA,Milk Bars,16-May-22,9660,281
Jan Morforth,India,After Nines,14-Mar-22,9660,282
Gunar Cockshoot,USA,After Nines,15-Aug-22,9681,282
Ches Bonnell,India,Orange Choco,16-Feb-22,9716,283
Mallorie Waber,UK,Manuka Honey Choco,15-Jun-22,9737,284
Barr Faughny,Australia,Raspberry Choco,27-May-22,9744,284
Wilone O'Kielt,USA,Drinking Coco,14-Jun-22,9744,284
Wilone O'Kielt,India,Eclairs,25-Feb-22,9765,284
Wilone O'Kielt,India,After Nines,4-Aug-22,9772,285
Kelci Walkden,India,99% Dark & Pure,28-Jun-22,9835,285
Gunar Cockshoot,Canada,Spicy Special Slims,5-Apr-22,9870,286
Madelene Upcott,Canada,Peanut Butter Cubes,5-Jul-22,9870,286
Kaine Padly,New Zealand,Eclairs,20-Jan-22,9884,286
Ches Bonnell,New Zealand,Drinking Coco,16-Feb-22,9954,286
Curtice Advani,UK,Drinking Coco,12-Jul-22,9982,287
Kelci Walkden,India,Raspberry Choco,16-Jun-22,9989,288
Dotty Strutley,Australia,Choco Coated Almonds,13-Apr-22,10024,289
Kaine Padly,UK,50% Dark Bites,21-Feb-22,10031,293
Roddy Speechley,Canada,Choco Coated Almonds,11-May-22,10038,293
Ches Bonnell,India,50% Dark Bites,15-Apr-22,10101,294
Oby Sorrel,Canada,Peanut Butter Cubes,7-Jun-22,10122,295
Oby Sorrel,UK,White Choc,27-Jun-22,10143,296
Barr Faughny,India,After Nines,29-Jul-22,10150,296
Wilone O'Kielt,Canada,Smooth Sliky Salty,2-Jun-22,10164,296
Rafaelita Blaksland,India,Mint Chip Choco,26-Jan-22,10171,296
Rafaelita Blaksland,Canada,99% Dark & Pure,2-Mar-22,10185,299
Van Tuxwell,Australia,70% Dark Bites,10-Jan-22,10192,299
Beverie Moffet,USA,70% Dark Bites,27-Jun-22,10199,300
Barr Faughny,Canada,Orange Choco,30-Jun-22,10213,301
Roddy Speechley,Australia,85% Dark Bars,8-Jul-22,10220,301
Oby Sorrel,India,Spicy Special Slims,8-Jun-22,10241,301
Jan Morforth,UK,Manuka Honey Choco,18-Aug-22,10255,301
Kaine Padly,Australia,After Nines,8-Apr-22,10262,302
Wilone O'Kielt,Canada,Fruit & Nut Bars,8-Aug-22,10283,303
Wilone O'Kielt,UK,Milk Bars,26-Aug-22,10325,303
Oby Sorrel,Canada,Fruit & Nut Bars,14-Jan-22,10332,303
Dennison Crosswaite,USA,Baker's Choco Chips,11-Aug-22,10437,304
Madelene Upcott,USA,Almond Choco,31-May-22,10458,305
Van Tuxwell,New Zealand,50% Dark Bites,11-Jul-22,10479,306
Karlen McCaffrey,Canada,Caramel Stuffed Bars,2-Mar-22,10479,307
Madelene Upcott,Australia,Raspberry Choco,13-Jul-22,10486,308
Rafaelita Blaksland,UK,Spicy Special Slims,3-Aug-22,10500,309
Curtice Advani,UK,Peanut Butter Cubes,1-Mar-22,10507,310
Kelci Walkden,New Zealand,White Choc,13-Apr-22,10577,311
Beverie Moffet,Canada,Fruit & Nut Bars,14-Feb-22,10633,311
Mallorie Waber,India,White Choc,26-Jul-22,10647,311
Brien Boise,UK,Drinking Coco,27-Jan-22,10689,312
Jehu Rudeforth,India,Peanut Butter Cubes,14-Apr-22,10724,312
Oby Sorrel,USA,Almond Choco,19-May-22,10766,313
Husein Augar,India,Eclairs,9-Feb-22,10794,313
Brien Boise,UK,Spicy Special Slims,25-May-22,10794,313
Oby Sorrel,Australia,Manuka Honey Choco,26-Jan-22,10808,314
Beverie Moffet,India,White Choc,4-Jul-22,10815,315
Ches Bonnell,India,Almond Choco,13-Apr-22,10822,315
Gigi Bohling,Australia,Smooth Sliky Salty,25-Jan-22,10822,316
Camilla Castle,USA,85% Dark Bars,25-Apr-22,10829,316
Camilla Castle,USA,Eclairs,10-Jun-22,10885,317
Madelene Upcott,New Zealand,White Choc,22-Aug-22,10906,317
Van Tuxwell,India,After Nines,27-Jun-22,10927,318
Husein Augar,India,Orange Choco,30-Jun-22,10927,319
Jehu Rudeforth,India,Almond Choco,30-Aug-22,10969,320
Karlen McCaffrey,Australia,Raspberry Choco,23-Aug-22,10976,321
Camilla Castle,New Zealand,99% Dark & Pure,26-Aug-22,10983,321
Gigi Bohling,Australia,Orange Choco,9-Mar-22,10990,321
Kelci Walkden,UK,Drinking Coco,20-Apr-22,11095,322
Mallorie Waber,Canada,Caramel Stuffed Bars,10-Jun-22,11116,323
Husein Augar,Australia,Organic Choco Syrup,8-Feb-22,11137,323
Brien Boise,Australia,White Choc,25-Aug-22,11200,323
Dotty Strutley,India,Peanut Butter Cubes,16-Feb-22,11298,329
Dennison Crosswaite,UK,99% Dark & Pure,30-May-22,11298,330
Gigi Bohling,New Zealand,50% Dark Bites,29-Jun-22,11298,333
Gigi Bohling,USA,Milk Bars,16-Jun-22,11319,334
Brien Boise,UK,Caramel Stuffed Bars,4-Mar-22,11389,336
Curtice Advani,New Zealand,Peanut Butter Cubes,15-Mar-22,11550,338
Curtice Advani,New Zealand,50% Dark Bites,27-Jan-22,11550,339
Beverie Moffet,Canada,Drinking Coco,5-Jul-22,11564,341
Barr Faughny,USA,Caramel Stuffed Bars,29-Mar-22,11571,341
Mallorie Waber,Canada,Almond Choco,12-May-22,11662,342
Oby Sorrel,USA,Drinking Coco,11-Mar-22,11718,342
Brien Boise,New Zealand,Eclairs,11-Jul-22,11781,344
Gunar Cockshoot,New Zealand,Choco Coated Almonds,1-Aug-22,11788,344
Gunar Cockshoot,UK,Spicy Special Slims,16-Feb-22,11823,347
Curtice Advani,USA,After Nines,13-Apr-22,11837,348
Oby Sorrel,India,Choco Coated Almonds,14-Feb-22,11956,348
Ches Bonnell,Australia,Peanut Butter Cubes,14-Mar-22,12026,350
Oby Sorrel,Australia,Spicy Special Slims,26-Apr-22,12068,350
Jehu Rudeforth,Canada,Manuka Honey Choco,5-Apr-22,12173,350
Camilla Castle,Canada,Drinking Coco,3-Mar-22,12187,351
Kaine Padly,USA,Spicy Special Slims,13-Jun-22,12250,352
Marney O'Breen,New Zealand,70% Dark Bites,14-Feb-22,12271,352
Roddy Speechley,New Zealand,99% Dark & Pure,18-Apr-22,12313,352
Oby Sorrel,New Zealand,85% Dark Bars,1-Feb-22,12327,353
Dotty Strutley,New Zealand,Orange Choco,4-Aug-22,12362,354
Andria Kimpton,New Zealand,Almond Choco,5-Apr-22,12404,356
Karlen McCaffrey,Australia,99% Dark & Pure,26-Jan-22,12425,356
Kaine Padly,UK,After Nines,21-Jan-22,12446,358
Kaine Padly,Canada,After Nines,22-Aug-22,12481,359
Kaine Padly,UK,Drinking Coco,27-Jan-22,12488,361
Rafaelita Blaksland,UK,50% Dark Bites,16-Feb-22,12516,363
Dotty Strutley,USA,Raspberry Choco,3-Jan-22,12558,368
Karlen McCaffrey,USA,White Choc,24-Aug-22,12565,370
Oby Sorrel,USA,Spicy Special Slims,7-Feb-22,12586,370
Mallorie Waber,Australia,Smooth Sliky Salty,11-Feb-22,12586,371
Kaine Padly,Canada,Organic Choco Syrup,29-Mar-22,12635,377
Marney O'Breen,USA,Peanut Butter Cubes,15-Jun-22,12656,380
Dennison Crosswaite,UK,Smooth Sliky Salty,26-Apr-22,12726,384
Brien Boise,Australia,Organic Choco Syrup,15-Jul-22,12761,384
Beverie Moffet,India,Organic Choco Syrup,23-Jun-22,12894,384
Dennison Crosswaite,Australia,Baker's Choco Chips,11-Jan-22,12992,387
Beverie Moffet,UK,50% Dark Bites,9-Feb-22,13006,389
Van Tuxwell,UK,Almond Choco,6-Jun-22,13034,390
Dotty Strutley,UK,Caramel Stuffed Bars,10-Aug-22,13062,390
Wilone O'Kielt,Australia,Smooth Sliky Salty,4-Jan-22,13076,392
Andria Kimpton,Canada,70% Dark Bites,8-Apr-22,13083,392
Barr Faughny,UK,Milk Bars,2-Mar-22,13125,395
Van Tuxwell,Canada,Drinking Coco,15-Jun-22,13258,396
Jehu Rudeforth,Australia,After Nines,14-Feb-22,13356,398
Husein Augar,UK,After Nines,5-Jul-22,13405,401
Barr Faughny,India,Mint Chip Choco,12-Jan-22,13447,402
Curtice Advani,India,Mint Chip Choco,3-Mar-22,13482,403
Jehu Rudeforth,New Zealand,Milk Bars,18-May-22,13503,403
Gunar Cockshoot,India,Caramel Stuffed Bars,28-Jul-22,13573,406
Curtice Advani,UK,Manuka Honey Choco,7-Feb-22,13685,407
Andria Kimpton,India,Orange Choco,30-May-22,13685,408
Mallorie Waber,Australia,Raspberry Choco,25-Apr-22,13685,408
Beverie Moffet,Canada,85% Dark Bars,16-Feb-22,13706,409
Kelci Walkden,Australia,Drinking Coco,4-May-22,13706,409
Van Tuxwell,Canada,70% Dark Bites,2-Jun-22,13727,410
Dennison Crosswaite,USA,Caramel Stuffed Bars,11-Jul-22,13846,411
Beverie Moffet,New Zealand,Spicy Special Slims,7-Jun-22,13888,413
Jan Morforth,UK,Almond Choco,6-Jul-22,13930,415
Husein Augar,India,Raspberry Choco,15-Jun-22,14028,416
Dotty Strutley,India,Mint Chip Choco,14-Apr-22,14147,417
Camilla Castle,India,Drinking Coco,8-Aug-22,14238,417
Marney O'Breen,UK,Drinking Coco,29-Mar-22,14287,417
Roddy Speechley,Australia,Organic Choco Syrup,4-Jul-22,14301,418
Ches Bonnell,India,99% Dark & Pure,16-Feb-22,14336,418
Rafaelita Blaksland,Canada,Spicy Special Slims,2-May-22,14504,419
Van Tuxwell,India,Eclairs,21-Jul-22,14525,420
Gunar Cockshoot,Australia,99% Dark & Pure,18-Aug-22,14539,421
Kaine Padly,USA,85% Dark Bars,22-Jun-22,14658,421
Camilla Castle,UK,Peanut Butter Cubes,19-Jul-22,14749,424
Madelene Upcott,UK,Peanut Butter Cubes,12-Aug-22,14763,424
Madelene Upcott,USA,Choco Coated Almonds,7-Jun-22,14798,425
Marney O'Breen,Canada,Peanut Butter Cubes,8-Mar-22,14889,430
Ches Bonnell,Australia,Choco Coated Almonds,8-Apr-22,14924,430
Curtice Advani,Canada,Eclairs,6-May-22,14938,432
Roddy Speechley,India,Drinking Coco,31-May-22,14980,433
Van Tuxwell,Australia,Mint Chip Choco,13-Jan-22,15008,434
Dennison Crosswaite,USA,70% Dark Bites,15-Mar-22,15057,438
Andria Kimpton,Canada,Peanut Butter Cubes,16-Feb-22,15099,446
Gigi Bohling,USA,70% Dark Bites,14-Jan-22,15316,447
Rafaelita Blaksland,Australia,White Choc,21-Mar-22,15330,457
Roddy Speechley,Canada,Drinking Coco,17-May-22,15421,464
Camilla Castle,New Zealand,85% Dark Bars,8-Aug-22,15491,465
Madelene Upcott,Canada,Milk Bars,26-Apr-22,15491,467
Madelene Upcott,Australia,70% Dark Bites,15-Apr-22,15547,468
Oby Sorrel,Canada,Eclairs,19-May-22,15652,469
Dennison Crosswaite,Canada,Drinking Coco,10-Jan-22,15750,475
Mallorie Waber,New Zealand,After Nines,4-May-22,15855,477
Roddy Speechley,Canada,White Choc,5-Apr-22,16016,479
Andria Kimpton,India,After Nines,17-Jan-22,16114,482
Roddy Speechley,India,Spicy Special Slims,22-Mar-22,16233,488
Dotty Strutley,Australia,White Choc,5-Jul-22,16380,495
Oby Sorrel,Canada,Orange Choco,27-Apr-22,16401,508
Kaine Padly,Canada,Almond Choco,12-Aug-22,16569,512
Jan Morforth,UK,Baker's Choco Chips,11-Mar-22,16702,518
Jehu Rudeforth,UK,Fruit & Nut Bars,13-May-22,16793,518
Dennison Crosswaite,USA,Smooth Sliky Salty,12-May-22,16982,520
Brien Boise,USA,Raspberry Choco,12-Jan-22,17318,520
Madelene Upcott,New Zealand,Milk Bars,29-Mar-22,17465,524
Roddy Speechley,India,50% Dark Bites,14-Mar-22,17626,539
Barr Faughny,New Zealand,99% Dark & Pure,24-May-22,18032,543
Dennison Crosswaite,Canada,Organic Choco Syrup,28-Jan-22,18340,547
Beverie Moffet,India,Almond Choco,24-May-22,18697,554
Brien Boise,Australia,Peanut Butter Cubes,19-Aug-22,18991,581
Karlen McCaffrey,Australia,Spicy Special Slims,17-May-22,19327,591
Jehu Rudeforth,USA,White Choc,7-Jun-22,19453,597
Ches Bonnell,Canada,Organic Choco Syrup,26-Jul-22,19481,614
Dotty Strutley,India,Eclairs,28-Jul-22,19929,708
Karlen McCaffrey,India,70% Dark Bites,23-May-22,22050,709
